epoch,loss,val_loss
0,12.132980446815491,11.489275932312012
1,6.980849771499634,11.22972297668457
0,11.220453581809998,8.877297401428223
1,6.521931700706482,9.228782653808594
