epoch,loss,val_loss
0,13.821112670898437,16.257129669189453
1,6.5619843125343325,13.855127334594727
