epoch,loss,val_loss
0,17.245779994748673,10.311692678881258
2,9.83812749850675,8.377776938778924
3,8.819831641814993,8.120362093954375
3,8.306812568880478,7.6057263884462705
