epoch,loss,val_loss
0,30.262456760406494,23.322147435509226
1,18.96761221885681,15.886034488392959
2,14.654898232199054,14.049268481977956
3,13.884930496215821,13.562049262621983
