epoch,acc,class_loss,loc_loss,loss,val_acc,val_class_loss,val_loc_loss,val_loss
0,0.09168610456300542,8.850021463759402,4.065844363354622,13.593100324590155,0.013098374009132385,8.16602897644043,32.61445236206055,41.34746170043945
1,0.013849919800587158,7.8364726939099905,2.9596695950690735,11.369542345087579,0.013098374009132385,8.006304740905762,32.75745391845703,41.3358268737793
2,0.013242134546979945,7.631134844840841,2.3397314700674503,10.524562795111473,0.013839183375239372,8.21251106262207,32.323974609375,41.10878372192383
3,0.01768440360877108,7.334491821045571,1.6443544702326998,9.508855353010462,0.015413851477205753,7.952584743499756,32.153953552246094,40.668907165527344
