epoch,acc,class_loss,loc_loss,loss,val_acc,val_class_loss,val_loc_loss,val_loss
0,0.4931124815574059,6.484418575580303,2.8463999124673696,9.86535145686223,0.5050389170646667,6.5441365242004395,3.183664321899414,10.406332969665527
1,0.4825836763932155,4.257058473733755,1.9304721630536592,7.357279924245981,0.4968971908092499,5.790616035461426,3.226369857788086,10.037477493286133
2,0.48585083851447475,2.9754634637099047,1.342312482687143,5.680637286259578,0.5024657845497131,5.695911407470703,3.190678119659424,9.95328140258789
3,0.4909368478334867,2.2844849549807034,0.9483676965420063,4.655366604144756,0.5059622526168823,5.744694709777832,3.191912889480591,9.972801208496094
4,0.4940223212425525,2.0543101108991184,0.8938884597558242,4.3834366248204155,0.5090686678886414,5.759067058563232,3.189279317855835,9.940069198608398
