epoch,acc,class_loss,loc_loss,loss,val_acc,val_class_loss,val_loc_loss,val_loss
0,0.141307081989944,4.2457319617271425,2.6568871998786925,19.934769597053528,0.27434292435646057,4.446399211883545,2.981961250305176,11.00088882446289
0,0.19243010602891444,4.330149788856506,2.90682094424963,22.385869584083558,0.3019926846027374,4.618767738342285,4.139162063598633,12.44272232055664
0,0.14234593331813813,4.162283281087875,2.8614636844396593,23.170818490982057,0.2567138075828552,4.2193098068237305,2.886448383331299,10.538067817687988
0,0.16068125821650028,4.565075501203537,3.6106030678749086,22.05271234512329,0.31651899218559265,4.874780654907227,3.86665678024292,12.320231437683105
0,0.14541367270052433,5.260204651355743,3.0318056666851043,20.15281276702881,0.21945859491825104,4.080517768859863,17.985671997070312,25.525175094604492
0,0.1706148724257946,4.908530614376068,3.1726156467199327,26.903465976715086,0.3784714341163635,4.507364273071289,27.770492553710938,35.9785270690918
